Metric,Value
Precision,0.752349133730978300
Recall,0.725450220863064900
F-Score,0.735989978441823000
Accuracy:,0.725450220863064900
